{"accuracy": 0.877054169202678, "precision": 0.8518937141549378, "recall": 0.877054169202678, "f1": 0.839241605802394, "auroc": 0.740546294055709}