{"accuracy": 0.8823529411764706, "precision": 0.8950351500728052, "recall": 0.8823529411764706, "f1": 0.8434056960379592, "auroc": 0.7506716141631037}