{"accuracy": 0.8836385115180153, "precision": 0.868439557965364, "recall": 0.8836385115180153, "f1": 0.8451336446205633, "auroc": 0.7325311368504862}