{"accuracy": 0.8810654008438819, "precision": 0.8955312865556966, "recall": 0.8810654008438819, "f1": 0.8415884993996225, "auroc": 0.756204752380925}