{"accuracy": 0.8851649779163419, "precision": 0.8971329479140535, "recall": 0.8851649779163419, "f1": 0.8467589648542638, "auroc": 0.7550464620552196}