{"accuracy": 0.8728606356968215, "precision": 0.8614506927465363, "recall": 0.8728606356968215, "f1": 0.8306857788728464, "auroc": 0.7243103319378003}