{"accuracy": 0.972693032015066, "precision": 0.9461317345306621, "recall": 0.972693032015066, "f1": 0.9592285461303705, "auroc": 0.7893647561504823}