{"accuracy": 0.9976162097735399, "precision": 0.9976220191729546, "recall": 0.9976162097735399, "f1": 0.997556014148036, "auroc": 1.0}