{"accuracy": 0.9753303964757709, "precision": 0.9529683238934339, "recall": 0.9753303964757709, "f1": 0.9640196960706101, "auroc": 0.7892766412621962}