{"accuracy": 0.8032530497341257, "precision": 0.7910866151851939, "recall": 0.8032530497341257, "f1": 0.7921511965543939, "auroc": 0.8315873561384364}