{"accuracy": 0.8595704187058184, "precision": 0.8556344618533762, "recall": 0.8595704187058184, "f1": 0.8538984990122079, "auroc": 0.9331564072987603}