{"accuracy": 0.9334916864608076, "precision": 0.9410615649426161, "recall": 0.9334916864608076, "f1": 0.933716753074826, "auroc": 0.9715740105239076}