{"accuracy": 0.8112244897959183, "precision": 0.8121137452059695, "recall": 0.8112244897959183, "f1": 0.8099132347549798, "auroc": 0.8606902356902352}