{"accuracy": 0.7979604843849586, "precision": 0.7868396426344783, "recall": 0.7979604843849586, "f1": 0.785010892703086, "auroc": 0.8279729540447923}