{"accuracy": 0.8654079568442347, "precision": 0.8616727191659973, "recall": 0.8654079568442348, "f1": 0.8595404842278662, "auroc": 0.9328174173355812}