{"accuracy": 0.9254079254079254, "precision": 0.9336835413390437, "recall": 0.9254079254079254, "f1": 0.9256011522980045, "auroc": 0.9702333860759493}