{"accuracy": 0.7606382978723404, "precision": 0.7639522041701596, "recall": 0.7606382978723404, "f1": 0.7556822598964328, "auroc": 0.8082144500690289}