{"accuracy": 0.8637649912410726, "precision": 0.8599990295190857, "recall": 0.8637649912410726, "f1": 0.8585251397325067, "auroc": 0.9362489033366173}