{"accuracy": 0.7937420178799489, "precision": 0.7792561727304279, "recall": 0.7937420178799489, "f1": 0.7763740734996485, "auroc": 0.8248668787891972}