{"accuracy": 0.8602791706193251, "precision": 0.856294762059265, "recall": 0.8602791706193251, "f1": 0.853886514966463, "auroc": 0.9335470717166782}