{"accuracy": 0.797416509136736, "precision": 0.7853568912134727, "recall": 0.797416509136736, "f1": 0.7836044974943777, "auroc": 0.830206595359044}