{"accuracy": 0.9696479469994608, "precision": 0.9705782238475519, "recall": 0.9696479469994608, "f1": 0.9606281691241826, "auroc": 0.9891191286042966}