{"accuracy": 0.9597680318956143, "precision": 0.9405022354104984, "recall": 0.9597680318956144, "f1": 0.9419505973750528, "auroc": 0.8079088564601549}