{"accuracy": 0.8835125448028673, "precision": 0.896124110998222, "recall": 0.8835125448028673, "f1": 0.8462878591142134, "auroc": 0.7595802045911186}