{"accuracy": 0.8790373654211526, "precision": 0.8535043830622001, "recall": 0.8790373654211526, "f1": 0.8382812173199892, "auroc": 0.7242385786802028}