{"accuracy": 0.9702924338542472, "precision": 0.9711844273955695, "recall": 0.9702924338542472, "f1": 0.9618503619705558, "auroc": 0.9810597392389441}