{"accuracy": 0.9610622644895029, "precision": 0.9474402567527344, "recall": 0.9610622644895029, "f1": 0.944748685059344, "auroc": 0.8121537625460662}