{"accuracy": 0.9014224646226415, "precision": 0.8990980804501278, "recall": 0.9014224646226414, "f1": 0.8997905316026734, "auroc": 0.9493219746771928}