{"accuracy": 0.8834123222748815, "precision": 0.8799905365904221, "recall": 0.8834123222748815, "f1": 0.8810210381107769, "auroc": 0.9194947361199525}