{"accuracy": 0.9027241645527738, "precision": 0.9002461792097811, "recall": 0.9027241645527738, "f1": 0.9008876667383342, "auroc": 0.9512541034426221}