{"accuracy": 0.8868894601542416, "precision": 0.8832686512942698, "recall": 0.8868894601542416, "f1": 0.8842039741809761, "auroc": 0.9202660304790219}