{"accuracy": 0.8838250790305585, "precision": 0.8975715614956843, "recall": 0.8838250790305584, "f1": 0.8432350246226986, "auroc": 0.7405370973709021}