{"accuracy": 0.8715216104203671, "precision": 0.8549525706537877, "recall": 0.871521610420367, "f1": 0.8327395781535825, "auroc": 0.7606030875775501}