{"accuracy": 0.796248382923674, "precision": 0.7844200560399408, "recall": 0.796248382923674, "f1": 0.7781401633549632, "auroc": 0.8178130514269176}