{"accuracy": 0.862887012464817, "precision": 0.8588221983805411, "recall": 0.862887012464817, "f1": 0.8575555063672428, "auroc": 0.9368078405435685}