{"accuracy": 0.9952978056426333, "precision": 0.9953202862531066, "recall": 0.9952978056426331, "f1": 0.9950095521147355, "auroc": 1.0}