{"accuracy": 0.9690909090909091, "precision": 0.9391371900826446, "recall": 0.9690909090909091, "f1": 0.9538789557626123, "auroc": 0.7634091159916063}