{"accuracy": 0.9957248348231637, "precision": 0.9957434888560655, "recall": 0.9957248348231637, "f1": 0.9955250441063881, "auroc": 1.0}