{"accuracy": 0.9768303985171455, "precision": 0.9541976274671652, "recall": 0.9768303985171455, "f1": 0.9653813783751255, "auroc": 0.7280834914611036}