cluster_id,cluster_size,cluster_size_pct,user_lifetime,user_no_outgoing_activity_in_days,user_account_balance_last,user_spendings,reloads_inactive_days,reloads_count,calls_outgoing_count,calls_outgoing_spendings_max,calls_outgoing_inactive_days,calls_outgoing_to_onnet_count,calls_outgoing_to_onnet_spendings,calls_outgoing_to_abroad_count,calls_outgoing_to_abroad_duration,sms_outgoing_count,sms_outgoing_spendings_max,sms_outgoing_inactive_days,sms_outgoing_to_onnet_count,sms_outgoing_to_abroad_count,gprs_session_count,gprs_spendings,gprs_inactive_days
0,3342,8.612070298407463,1249.805791167007,3.572925806766065,9.61031051964512,15.967528029638295,48.677244808423495,1.985375840889156,99.3298235351467,2.2434659257092724,5.436726138247337,2.1533586818757837,0.9016081700302275,9.183435702447094,7.179191284001185,58.323486399532015,0.11730330505995892,52.00814078190399,5.83347957492446,2.6451204055766677,1.2581651555035656,0.027157063468850454,1104.2044457443694
1,17374,44.77142709890223,1355.451528752837,3.1844861318906794,9.972569052825412,5.518677062953159,98.60856638662057,0.8047435454789572,34.92024398664978,0.9432796255802358,8.522854567076848,0.1774082172862242,0.050275060421222414,1.049737215636625,0.5315764184601155,26.05123336018722,0.08829525837265507,91.63026048260133,2.4225457474968457,0.6564717842482841,0.1992078106418089,0.003285763609160979,1227.8700943721956
2,6163,15.881564706488687,15924.351238775196,8.550173103970529,0.42883587579772886,0.06314508276538167,42.74115546900191,0.9397652277399166,1.548739586714266,0.01361219301093719,998.575922319592,0.004598074218330417,0.0010478199718678832,0.02188142378015301,0.00890241263659819,0.27209780374349535,0.0008801255003796915,1319.0540138483082,0.029860434923717927,0.0033538894298427158,0.0160121172779413,0.00033809369252400193,1332.836524937793
3,11927,30.734937896201618,2536.2045384204175,31.122140626318775,7.535461579584142,0.9278856813258218,1066.983905911472,0.07191694099771717,10.18540558791257,0.24626347035818297,43.82100953827944,0.06544554176865533,0.01873582622886319,0.40246475901074485,0.15769533777887756,3.6796376016434387,0.024375791339580108,625.5144762387083,0.3580371964773461,0.14431220280802798,0.07146675670352337,0.0014259587518640404,1272.641287527082
