cluster_id,cluster_size,cluster_size_pct,user_lifetime,user_no_outgoing_activity_in_days,user_account_balance_last,user_spendings,reloads_inactive_days,reloads_count,calls_outgoing_count,calls_outgoing_spendings_max,calls_outgoing_inactive_days,calls_outgoing_to_onnet_count,calls_outgoing_to_onnet_spendings,calls_outgoing_to_abroad_count,calls_outgoing_to_abroad_duration,sms_outgoing_count,sms_outgoing_spendings_max,sms_outgoing_inactive_days,sms_outgoing_to_onnet_count,sms_outgoing_to_abroad_count,gprs_session_count,gprs_spendings,gprs_inactive_days
0,7751,19.973715404834305,1276.952120353677,3.347454717142993,9.526309339857498,12.575423641514295,41.84105931839622,1.6160829255730205,76.11052450854152,1.845922396772256,5.478174092193484,1.112541849085747,0.4451940080693678,5.0086058889174785,3.7049660915100255,51.75796205682896,0.12459417117349138,50.53322173577021,5.240406901880032,1.8422396772254923,0.8127307064984146,0.016441325435659557,1134.4920379431724
1,7663,19.74694634850281,15464.504610900618,41.08421418939521,0.7499782504675476,0.20888729392324645,243.938405324284,0.7929662012266733,2.847427030318773,0.04132519900823606,837.5672930531985,0.00991778676758226,0.0022201922658636603,0.05548305711428814,0.022836574013649913,0.8741789551528107,0.002690852146679905,1276.184501283215,0.07473139327506328,0.01618165209448863,0.0228805080690756,0.0003958414894079344,1326.6571403714836
2,23392,60.27933824666289,1179.7527983345562,6.336199398268836,9.340276981648625,2.6785672527127877,538.5523734154714,0.3759535725998457,19.83865908086295,0.5309482254637758,16.18039098259044,0.10835436540187793,0.030384922502180334,0.6511243244784876,0.28911750866236574,12.351649056765257,0.053105188860846066,305.29171835564716,1.077968373472529,0.33157947270108395,0.09504356133522276,0.0016345125550755448,1258.7792559638392
