cluster_id,cluster_size,cluster_size_pct,user_lifetime,user_no_outgoing_activity_in_days,user_account_balance_last,user_spendings,reloads_inactive_days,reloads_count,calls_outgoing_count,calls_outgoing_spendings_max,calls_outgoing_inactive_days,calls_outgoing_to_onnet_count,calls_outgoing_to_onnet_spendings,calls_outgoing_to_abroad_count,calls_outgoing_to_abroad_duration,sms_outgoing_count,sms_outgoing_spendings_max,sms_outgoing_inactive_days,sms_outgoing_to_onnet_count,sms_outgoing_to_abroad_count,gprs_session_count,gprs_spendings,gprs_inactive_days
0,31112,80.17316909756224,1202.4519049455935,5.418295191565702,9.381805305562699,5.151209286877522,414.3599147167224,0.6862732493357331,33.899224307876906,0.8596352425644999,12.980763049630099,0.3591647381503341,0.13396936873232082,1.7388092483071982,1.1419786577526267,22.200008571183716,0.07101477457786926,240.946912231079,2.118812676780672,0.7092815205279871,0.2749046455815542,0.0053353475614983,1227.745575126425
1,7694,19.826830902437766,15413.270925396166,41.63919937613754,0.8044359240966292,0.20975911966040917,245.9592972879285,0.7881899315483923,2.858049562429514,0.04147560869943434,836.3937050515544,0.00970453166969698,0.002163157438694205,0.057902261502485564,0.023033965860834837,0.8719781648040978,0.002631487739365078,1275.3193397452487,0.07133264015251917,0.014946711723429429,0.020275539381334917,0.00038124945845243244,1326.423338532191
