{"accuracy": 0.9752559726962458, "precision": 0.9511242122797003, "recall": 0.9752559726962458, "f1": 0.9630389432326643, "auroc": 0.8214619724258545}