{"accuracy": 0.9963709677419355, "precision": 0.9963844086021505, "recall": 0.9963709677419355, "f1": 0.996224511758482, "auroc": 1.0}