{"accuracy": 0.9422222222222222, "precision": 0.9478567744172928, "recall": 0.9422222222222223, "f1": 0.9423594480180328, "auroc": 0.9733750822680043}