{"accuracy": 0.8263473053892215, "precision": 0.826075683684178, "recall": 0.8263473053892215, "f1": 0.8261813931391985, "auroc": 0.8801349765258212}