{"accuracy": 0.9706448878958317, "precision": 0.971287401740797, "recall": 0.9706448878958317, "f1": 0.962213318685269, "auroc": 0.9898935011398242}