{"accuracy": 0.9583333333333334, "precision": 0.9405129602713179, "recall": 0.9583333333333334, "f1": 0.9406230652078617, "auroc": 0.8135226432152605}