{"accuracy": 0.9696436764031198, "precision": 0.9703234096090639, "recall": 0.9696436764031198, "f1": 0.9605546041257387, "auroc": 0.9867016890297162}