{"accuracy": 0.9605238885814426, "precision": 0.953799198846586, "recall": 0.9605238885814426, "f1": 0.943514729773554, "auroc": 0.7885837366506793}