{"accuracy": 0.9550827423167849, "precision": 0.9592662123951237, "recall": 0.9550827423167849, "f1": 0.9552459647884953, "auroc": 0.9864524188053599}