{"accuracy": 0.7680412371134021, "precision": 0.7680569524767413, "recall": 0.768041237113402, "f1": 0.7670348135053298, "auroc": 0.8456928838951314}