{"accuracy": 0.7853939782190903, "precision": 0.7709244858084672, "recall": 0.7853939782190903, "f1": 0.7696999160482255, "auroc": 0.8242991898605599}