{"accuracy": 0.8613914681738662, "precision": 0.857282550694188, "recall": 0.8613914681738662, "f1": 0.8556394654340924, "auroc": 0.9374215429737865}