{"accuracy": 0.959907752350541, "precision": 0.9391925598053771, "recall": 0.959907752350541, "f1": 0.9427662683408518, "auroc": 0.8173411898399895}