{"accuracy": 0.9702223604416109, "precision": 0.9711184738973242, "recall": 0.9702223604416109, "f1": 0.9617171649900114, "auroc": 0.9847045568853807}