{"accuracy": 0.9588744588744589, "precision": 0.9482715500614615, "recall": 0.9588744588744589, "f1": 0.9409022378841647, "auroc": 0.8289969073822425}