{"accuracy": 0.9695870320339637, "precision": 0.9705201921755897, "recall": 0.9695870320339637, "f1": 0.9601915538102076, "auroc": 0.9875258497604577}