{"accuracy": 0.8836411609498681, "precision": 0.8959306569991965, "recall": 0.883641160949868, "f1": 0.8446607652408047, "auroc": 0.7410088893522748}