{"accuracy": 0.8737463126843658, "precision": 0.8499226801382904, "recall": 0.8737463126843658, "f1": 0.8375156634429839, "auroc": 0.7531369639412377}