{"accuracy": 0.8821090047393365, "precision": 0.868012007282395, "recall": 0.8821090047393365, "f1": 0.8473667790115637, "auroc": 0.7464485223220443}