{"accuracy": 0.8833289439030814, "precision": 0.8972452815043025, "recall": 0.8833289439030814, "f1": 0.8445941307887064, "auroc": 0.7466283958696831}