{"accuracy": 0.9961180124223602, "precision": 0.9961333927217961, "recall": 0.9961180124223603, "f1": 0.9959516025163102, "auroc": 1.0}