{"accuracy": 0.9758364312267658, "precision": 0.9522567405093904, "recall": 0.9758364312267658, "f1": 0.9639024014939832, "auroc": 0.6943956043956041}