{"accuracy": 0.7950310559006211, "precision": 0.7953940469468419, "recall": 0.7950310559006211, "f1": 0.7949361079241999, "auroc": 0.8169753086419748}