{"accuracy": 0.9364035087719298, "precision": 0.9446739044921721, "recall": 0.9364035087719298, "f1": 0.9367519700348175, "auroc": 0.9769320059809554}