{"accuracy": 0.7952041477640959, "precision": 0.7833226474347613, "recall": 0.7952041477640959, "f1": 0.784747167543393, "auroc": 0.812558839080757}