{"accuracy": 0.9704031070041516, "precision": 0.9713954513013237, "recall": 0.9704031070041517, "f1": 0.9706477528631986, "auroc": 0.9916319948262468}