{"accuracy": 0.8870032406617773, "precision": 0.8834642162351659, "recall": 0.8870032406617773, "f1": 0.8843868519746001, "auroc": 0.9241851384102714}