{"accuracy": 0.8872065328342974, "precision": 0.8843783825709253, "recall": 0.8872065328342974, "f1": 0.8853361806860447, "auroc": 0.9201929092457988}