{"accuracy": 0.8822921154674709, "precision": 0.8784511218492047, "recall": 0.882292115467471, "f1": 0.8794883212190441, "auroc": 0.91795933672557}