{"accuracy": 0.8840903236885035, "precision": 0.8803467102273479, "recall": 0.8840903236885034, "f1": 0.881390379378168, "auroc": 0.9174951503915363}