{"accuracy": 0.8820253598355038, "precision": 0.8784689164861583, "recall": 0.8820253598355037, "f1": 0.8796095136440621, "auroc": 0.9210506076879322}