{"accuracy": 0.8816084036507663, "precision": 0.8781579603403054, "recall": 0.8816084036507663, "f1": 0.8792635954992103, "auroc": 0.9183714776388566}