{"accuracy": 0.9572268757797184, "precision": 0.9436884079195261, "recall": 0.9572268757797184, "f1": 0.9389173276918408, "auroc": 0.7977725902372418}