{"accuracy": 0.999844816883923, "precision": 0.9998448419275954, "recall": 0.999844816883923, "f1": 0.9998446667107534, "auroc": 1.0}