{"accuracy": 0.9331742243436754, "precision": 0.9399416890583729, "recall": 0.9331742243436754, "f1": 0.9334962097715349, "auroc": 0.9786494653649466}