{"accuracy": 0.803030303030303, "precision": 0.8087115168276746, "recall": 0.803030303030303, "f1": 0.8011156956956486, "auroc": 0.8306567103109657}