{"accuracy": 0.9968652037617555, "precision": 0.9968752431412214, "recall": 0.9968652037617555, "f1": 0.9967596212100263, "auroc": 1.0}