{"accuracy": 0.9763636363636363, "precision": 0.9532859504132231, "recall": 0.9763636363636363, "f1": 0.9646867943464078, "auroc": 0.797056295659648}