{"accuracy": 0.9457013574660633, "precision": 0.9487872045041288, "recall": 0.9457013574660633, "f1": 0.9456713348712809, "auroc": 0.9759553324454461}