{"accuracy": 0.7771428571428571, "precision": 0.7852106914492236, "recall": 0.7771428571428571, "f1": 0.7799161904761904, "auroc": 0.8336499123319698}